,acousticness,danceability,duration_ms,energy,instrumentalness,key,liveness,loudness,mode,speechiness,tempo,time_signature,valence,target,song_title,artist,Genre
0,0.0102,0.833,204600,0.434,0.0219,2,0.165,-8.795,1,0.431,150.062,4,0.286,1,Mask Off,Future,Hip Hop
1,0.199,0.743,326933,0.359,0.00611,1,0.137,-10.401,1,0.0794,160.083,4,0.588,1,Redbone,Childish Gambino,R&B
2,0.0344,0.838,185707,0.412,0.000234,2,0.159,-7.148,1,0.289,75.044,4,0.173,1,Xanny Family,Future,Hip Hop
3,0.604,0.494,199413,0.338,0.51,5,0.0922,-15.236,1,0.0261,86.468,4,0.23,1,Master Of None,Beach House,Indie
4,0.18,0.678,392893,0.561,0.512,5,0.439,-11.648,0,0.0694,174.004,4,0.904,1,Parallel Lines,Junior Boys,Rock
5,0.00479,0.804,251333,0.56,0,8,0.164,-6.682,1,0.185,85.023,4,0.264,1,Sneakin’,Drake,Hip Hop
6,0.0145,0.739,241400,0.472,7.27E-06,1,0.207,-11.204,1,0.156,80.03,4,0.308,1,Childs Play,Drake,Hip Hop
7,0.0202,0.266,349667,0.348,0.664,10,0.16,-11.609,0,0.0371,144.154,4,0.393,1,Gyöngyhajú lány,Omega,Rock
8,0.0481,0.603,202853,0.944,0,11,0.342,-3.626,0,0.347,130.035,4,0.398,1,I've Seen Footage,Death Grips,Hip Hop
9,0.00208,0.836,226840,0.603,0,7,0.571,-7.792,1,0.237,99.994,4,0.386,1,Digital Animal,Honey Claws,Dance
10,0.0572,0.525,358187,0.855,0.0143,5,0.649,-7.372,0,0.0548,111.951,3,0.524,1,Subways - In Flagranti Extended Edit,The Avalanches,Dance
11,0.0915,0.753,324880,0.748,0.00348,10,0.212,-8.62,1,0.0494,104.322,4,0.642,1,Donme Dolap - Baris K Edit,Modern Folk Üçlüsü,Dance
12,0.253,0.603,356973,0.434,0.0619,0,0.108,-11.062,1,0.0342,127.681,4,0.381,1,Cemalim,Erkin Koray,Dance
13,0.366,0.762,243270,0.476,0,0,0.103,-12.686,1,0.114,130.007,4,0.367,1,One Night,Lil Yachty,Hip Hop
14,0.44,0.662,247288,0.603,0,9,0.0972,-8.317,0,0.0793,125.011,4,0.351,1,Oh lala,PNL,Hip Hop
15,0.019,0.637,188333,0.832,0.0563,6,0.316,-6.637,1,0.163,99.988,4,0.317,1,Char,Crystal Castles,Dance
16,0.0239,0.603,270827,0.955,0.0451,1,0.119,-4.111,1,0.0458,123.922,4,0.773,1,World In Motion,New Order,Rock
17,0.233,0.789,447907,0.659,0.00049,4,0.184,-12.654,0,0.0429,122.415,4,0.842,1,One Nation Under a Groove,Funkadelic,Pop
18,0.314,0.713,195429,0.611,0,1,0.117,-6.702,0,0.241,140.061,4,0.783,1,Bouncin,Chief Keef,Hip Hop
19,0.0242,0.735,214347,0.759,0.185,1,0.0966,-6.914,0,0.0449,109.982,4,0.763,1,C O O L - Radio Edit,Le Youth,Dance
20,0.000702,0.854,249253,0.719,0.308,10,0.428,-9.335,0,0.0655,128.049,4,0.471,1,Percolator (Jamie Jones Vault Mix) - mixed,Cajmere,Dance
21,0.00024,0.747,307680,0.74,0.369,1,0.0995,-4.134,1,0.0323,130.031,4,0.77,1,House of Jealous Lovers,The Rapture,Indie
22,0.118,0.854,287086,0.401,0,9,0.527,-8.553,1,0.395,139.922,4,0.441,1,Imma Ride,Young Thug,Hip Hop
23,0.000596,0.224,132760,0.925,1.35E-06,11,0.0663,-1.71,0,0.0834,138.022,4,0.364,1,Girlfriend,Ty Segall,Indie
24,0.279,0.512,203400,0.564,1.54E-05,10,0.133,-5.892,1,0.0316,94.498,4,0.401,1,If I Gave You My Love,Myron & E,Soul
25,0.00219,0.781,205160,0.795,0.269,7,0.0673,-6.758,1,0.036,109.977,4,0.795,1,This Ready Flesh,TR/ST,Dance
26,0.341,0.411,199500,0.684,1.42E-06,11,0.198,-6.889,0,0.383,110.016,4,0.598,1,Lose My Mind,A-Trak,Dance
27,0.018,0.646,188333,0.837,0.0403,6,0.316,-6.615,1,0.134,100.04,4,0.32,1,Char,Crystal Castles,Dance
28,0.0516,0.782,228562,0.572,0,4,0.33,-7.467,0,0.0385,120.021,4,0.237,1,Look Alive,Rae Sremmurd,Hip Hop
29,0.282,0.735,186096,0.4,0.125,1,0.0811,-12.766,1,0.102,129.004,4,0.326,1,Please Stop Making Fake Versace,Father,Hip Hop
30,0.00791,0.45,220934,0.449,0,2,0.173,-12.037,1,0.156,135.45,4,0.137,1,Milly Rock,2milly,Hip Hop
31,0.0219,0.897,285240,0.642,1.31E-06,2,0.159,-8.828,1,0.0534,127.984,4,0.27,1,Blasé (feat. Future & Rae Sremmurd),Ty Dolla $ign,Hip Hop
32,0.0358,0.959,213000,0.598,0,8,0.358,-5.534,1,0.0713,127.029,4,0.424,1,Best Friend,Young Thug,Hip Hop
33,0.0324,0.742,280831,0.559,0,5,0.0987,-5.876,1,0.141,146.923,4,0.429,1,Hercules,Young Thug,Hip Hop
34,0.118,0.805,232880,0.687,0,9,0.0842,-7.771,1,0.0458,119.999,4,0.683,1,Who Be Lovin Me (feat. ILOVEMAKONNEN),Santigold,Indie
35,0.0428,0.667,230693,0.581,0,0,0.183,-5.164,0,0.323,110.953,4,0.372,1,Check,Young Thug,Hip Hop
36,0.297,0.722,175613,0.823,0,7,0.489,-3.916,1,0.081,148.23,4,0.855,1,Poppin' My Collar,Three 6 Mafia,Pop
37,0.0565,0.853,205879,0.547,0,1,0.341,-7.535,1,0.194,142.065,4,0.677,1,Jumpman,Drake,Hip Hop
38,0.0128,0.747,213507,0.705,0,9,0.126,-5.137,0,0.126,136.024,4,0.571,1,7/11,Beyoncé,Hip Hop
39,0.135,0.777,237187,0.591,5.5E-05,1,0.126,-7.431,0,0.0327,124.111,4,0.848,1,Somebody's Watching Me,Rockwell,Pop
40,0.00041,0.731,324541,0.852,0.625,11,0.358,-6.08,1,0.0476,125.008,4,0.622,1,Bang That,Disclosure,Dance
41,0.00356,0.76,186122,0.402,0,8,0.333,-8.751,1,0.164,147.028,4,0.069,1,I Don't Sell Molly No More,ILoveMakonnen,Hip Hop
42,0.00156,0.624,183000,0.792,1.54E-06,10,0.0772,-5.33,0,0.0473,139.94,4,0.318,1,Versace Python,Riff Raff,Hip Hop
43,0.00243,0.621,378893,0.683,0.00856,11,0.525,-5.619,0,0.242,124.283,5,0.0891,1,Monster,Kanye West,Hip Hop
44,0.533,0.64,234526,0.819,0,7,0.156,-4.108,1,0.455,166.012,4,0.624,1,OOOUUU,Young M.A.,Hip Hop
45,0.00631,0.715,213093,0.833,0,2,0.164,-5.379,1,0.108,95.487,4,0.607,1,Return Of The Mack - C & J Street Mix,Mark Morrison,R&B
46,0.00182,0.7,386160,0.756,0.711,2,0.0575,-10.714,1,0.0575,114.28,4,0.947,1,Fantastic Man,William Onyeabor,Funk
47,0.0923,0.789,175240,0.494,0.000408,1,0.144,-13.702,1,0.0456,104.593,4,0.832,1,Right Place Wrong Time,Dr. John,Jazz
48,0.375,0.796,252547,0.86,0.00457,5,0.0745,-6.202,0,0.0653,129.008,3,0.973,1,Azon de ma gnin kpevi,T. P. Orchestre Poly-Rythmo,Other
49,0.183,0.716,576888,0.957,0.058,3,0.182,-4.814,1,0.0689,106.714,4,0.93,1,Odofo Nyi Akyiri Biara,Ebo Taylor,Other
50,0.0185,0.74,241341,0.846,0.0624,2,0.254,-6.039,1,0.0808,95.995,4,0.852,1,Annie,Neon Indian,Indie
51,0.0638,0.7,224480,0.84,0.112,7,0.141,-6.227,0,0.0292,132.475,4,0.745,1,The Chase,Future Islands,Indie
52,0.456,0.514,215613,0.453,0.000181,6,0.178,-7.062,1,0.0267,75.548,4,0.532,1,Coming Home,Leon Bridges,R&B
53,0.128,0.313,286960,0.77,0.0787,7,0.0873,-7.265,1,0.0335,74.749,4,0.186,1,Wishes,Beach House,Indie
54,0.246,0.676,254769,0.528,0,7,0.0803,-8.699,1,0.0366,130.073,4,0.301,1,White Iverson,Post Malone,Hip Hop
55,0.12,0.532,213622,0.596,0,11,0.504,-9.912,0,0.187,119.296,5,0.486,1,I Know There's Gonna Be (Good Times),Jamie xx,Indie
56,0.00426,0.646,283067,0.629,0.277,8,0.122,-10.775,0,0.0427,109.013,4,0.176,1,Loud Places,Jamie xx,Indie
57,0.193,0.598,238307,0.252,0.138,2,0.0992,-15.086,1,0.0647,120.06,4,0.0359,1,L$D,A$AP Rocky,Hip Hop
58,0.0174,0.754,113373,0.442,9.4E-05,5,0.0622,-8.873,0,0.127,148.04,4,0.599,1,Dopeman,Vince Staples,Hip Hop
59,0.000392,0.294,311360,0.786,0.865,2,0.272,-3.626,1,0.0378,81.108,4,0.136,1,California Nights,Best Coast,Indie
60,0.435,0.622,287427,0.253,0.471,2,0.0941,-14.36,1,0.0331,92.584,4,0.328,1,Baby,Ariel Pink's Haunted Graffiti,Rock
61,0.257,0.559,225347,0.656,0.000171,9,0.2,-8.699,0,0.0469,79.638,4,0.671,1,Ain't No Love In The Heart Of The City - Single Version,"Bobby ""Blue"" Bland",R&B
62,0.000145,0.54,293646,0.945,0.753,9,0.667,-6.64,1,0.0406,92.995,4,0.87,1,Fail to Cry,Yacht Club,Indie
63,0.273,0.793,232251,0.7,0,0,0.174,-6.641,0,0.0572,140.058,4,0.887,1,Evil Friends (feat. Danny Brown) - Jake One Remix,Portugal. The Man,Indie
64,0.374,0.549,223720,0.715,3.5E-06,1,0.17,-11.164,1,0.0633,82.118,4,0.785,1,Ikimiz Bir Fidaniz - Baris K Edit,Umit Aksu Orkestrasi,Disco
65,0.00266,0.557,186397,0.607,0.771,0,0.33,-10.088,1,0.0578,73.061,4,0.259,1,Sentimental Trash,Sweet Valley,Dance
66,0.000546,0.597,279240,0.444,0.051,2,0.335,-8.39,0,0.03,120.074,4,0.361,1,Get Away,CHVRCHES,Indie
67,0.00781,0.879,213786,0.512,1.45E-05,0,0.134,-7.83,1,0.0775,127.95,4,0.277,1,Look At Wrist,Father,Trap
68,0.125,0.726,334173,0.497,0.89,10,0.104,-10.742,0,0.0433,125.004,4,0.472,1,Our Love,Caribou,Dance
69,0.00158,0.857,134062,0.831,0,2,0.154,-4.664,1,0.0995,106.059,4,0.251,1,I Ain't Trippin off Nothin,Ezale,Hip Hop
70,0.0132,0.807,330920,0.778,0.666,0,0.109,-5.485,1,0.0399,120.001,4,0.797,1,They Don't Know - Original Mix,Disciples,Indie
71,0.783,0.596,196627,0.639,0.569,0,0.331,-6.546,1,0.03,124.012,4,0.197,1,Sabali,Amadou & Mariam,World
72,0.518,0.683,155133,0.708,2.08E-05,4,0.175,-6.852,0,0.0289,106.446,4,0.967,1,Spooky,Dusty Springfield,Pop
73,0.0548,0.768,239908,0.853,0.13,10,0.0188,-5.915,0,0.0427,107.234,4,0.887,1,Pick Up The Pieces,Average White Band,Funk
74,0.727,0.506,160400,0.948,0,10,0.0904,-5.626,1,0.105,130.195,4,0.936,1,Have Love Will Travel,The Sonics,Rock
75,0.000313,0.457,293533,0.918,0.000215,11,0.769,-5.295,0,0.0471,105.018,4,0.297,1,Capitol,TR/ST,Rock
76,0.34,0.468,386760,0.58,0.821,7,0.0737,-8.131,1,0.0278,76.27,4,0.324,1,Uncast Shadow Of A Southern Myth,Parquet Courts,Indie
77,0.47,0.537,232453,0.447,1.86E-05,9,0.0519,-8.261,1,0.0289,84.362,3,0.549,1,I Shall Be Released - Remastered,Nina Simone,Jazz
78,0.855,0.515,378253,0.217,0.463,3,0.598,-13.382,0,0.0351,80.015,4,0.194,1,Words I Don't Remember,How To Dress Well,Dance
79,0.00502,0.429,196933,0.725,1.54E-05,2,0.266,-6.156,1,0.0371,82.925,4,0.174,1,To The Top,Twin Shadow,Indie
80,0.555,0.791,187210,0.58,0.00155,8,0.116,-8.377,1,0.0588,81.678,4,0.733,1,Them Changes (feat. Flying Lotus & Kamasi Washington),Thundercat,R&B
81,0.186,0.711,221350,0.705,0,10,0.148,-6.248,0,0.252,144.053,4,0.403,1,Aquafina (feat. GoldLink & Chaz French),Falcons,Dance
82,0.0249,0.683,201049,0.824,0.627,1,0.0533,-8.569,0,0.222,154.008,4,0.921,1,Hot Blur,How Sad,Pop
83,0.0108,0.309,257867,0.325,0.854,6,0.0742,-16.4,0,0.0366,175.88,4,0.46,1,Summer Madness,Kool & The Gang,R&B
84,0.193,0.867,460400,0.733,0.000219,10,0.749,-7.54,0,0.237,97.835,4,0.761,1,The Payback,James Brown,Soul
85,0.0192,0.619,275533,0.734,0.263,5,0.0771,-9.366,0,0.0343,106.034,4,0.853,1,I'm In Love,Fool's Gold,Other
86,0.00776,0.898,429897,0.5,0.292,1,0.0771,-11.089,1,0.0571,122.281,4,0.868,1,I Need You Tonight,Punkin Machine,R&B
87,0.17,0.589,206240,0.745,0.000406,7,0.376,-8.109,1,0.076,99.407,4,0.76,1,Everybody Likes Something Good,Ify Jerry Crusade,R&B
88,0.0221,0.606,234987,0.668,1.65E-05,5,0.0527,-9.168,0,0.0729,158.859,4,0.958,1,Dadje Von O Von Non,Gnonnas Pédro,World
89,0.0397,0.786,302840,0.547,0.272,1,0.0378,-11.416,1,0.262,92.603,4,0.68,1,Sugah Daddy,D'Angelo,Soul
90,0.0213,0.734,321933,0.548,0,11,0.512,-9.682,1,0.386,128.289,4,0.72,1,International Players Anthem,Swishahouse,Hip Hop
91,0.0454,0.812,268421,0.676,0,1,0.0929,-4.502,1,0.0491,114.047,4,0.399,1,Swerve,ILoveMakonnen,Hip Hop
92,0.00672,0.876,213246,0.606,1.06E-05,0,0.14,-5.471,1,0.0645,127.975,4,0.249,1,Look At Wrist,Father,Trap
93,0.00488,0.601,467587,0.873,0.0365,1,0.113,-5.866,0,0.0448,124.997,4,0.566,1,Let It Happen,Tame Impala,Indie
94,0.00419,0.748,213053,0.741,0,6,0.147,-3.103,1,0.0531,128.077,4,0.533,1,My Way (feat. Monty),Fetty Wap,Hip Hop
95,0.17,0.615,214150,0.814,0,9,0.218,-3.903,0,0.0677,144.005,4,0.601,1,Walk,Kwabs,Soul
96,0.0604,0.799,333520,0.789,0,0,0.0338,-8.208,1,0.0396,116.081,4,0.833,1,The Magnificent Seven - Remastered,The Clash,Hip Hop
97,0.0571,0.398,247390,0.776,0.0172,9,0.303,-7.388,0,0.0374,110.815,4,0.689,1,NOBO,Tijuana Panthers,Indie
98,0.716,0.685,427227,0.423,0.518,11,0.0765,-9.031,0,0.0475,138.034,4,0.649,1,The Gaudy Side of Town,Gayngs,Indie
99,0.0151,0.706,299799,0.581,0,9,0.368,-6.492,1,0.055,134.009,4,0.463,1,U Mad,Vic Mensa,Hip Hop
100,0.228,0.63,315595,0.98,0.00661,1,0.487,-4.914,1,0.059,108.009,4,0.805,1,Slumlord,Neon Indian,Indie
101,0.017,0.57,237480,0.736,5.74E-05,9,0.178,-5.822,1,0.0844,99.86,4,0.267,1,Leave A Trace,CHVRCHES,Indie
102,0.247,0.525,292760,0.643,0,5,0.106,-6.874,0,0.816,199.727,4,0.943,1,Willing & Able,Disclosure,Disco
103,0.123,0.698,236760,0.793,0,1,0.0805,-5.332,0,0.105,129.948,4,0.46,1,White Girl,Shy Glizzy,Hip Hop
104,0.00705,0.763,213375,0.773,0.032,0,0.772,-4.722,1,0.0533,130.025,4,0.347,1,Maneuvering,ILoveMakonnen,Hip Hop
105,0.181,0.511,160907,0.769,0,4,0.0921,-7.032,1,0.042,129.657,4,0.814,1,Be My Baby,The Ronettes,Pop
106,0.378,0.506,159253,0.813,0.0293,4,0.276,-5.78,1,0.0392,108.212,4,0.855,1,Why Don't They Let Us Fall in Love,The Ronettes,Pop
107,0.677,0.513,162040,0.494,6.43E-05,0,0.143,-5.072,1,0.0315,135.894,4,0.521,1,Will You Love Me Tomorrow,The Shirelles,Pop
108,0.488,0.251,126827,0.868,7.34E-06,1,0.818,-2.685,1,0.128,177.125,4,0.587,1,One Fine Day,The Chiffons,Pop
109,0.487,0.559,111270,0.633,0,7,0.164,-3.265,1,0.0329,72.496,4,0.842,1,He's So Fine - 2000 Digital Remaster,The Chiffons,Pop
110,0.7,0.431,158685,0.678,6.37E-06,4,0.199,-7.945,1,0.0365,135.919,4,0.632,1,Then He Kissed Me,The Crystals,Rock
111,0.403,0.683,142333,0.71,0,9,0.086,-7.445,1,0.114,128.181,4,0.93,1,It's My Party,Lesley Gore,Pop
112,0.656,0.78,149440,0.599,0,2,0.129,-10.251,1,0.0329,121.198,4,0.967,1,Please Mr. Postman,The Marvelettes,Pop
113,0.00904,0.614,196352,0.907,0.000131,4,0.36,-2.536,0,0.143,122.906,4,0.354,1,Fiesta - Remix,Bomba Estéreo,World
114,0.141,0.661,196615,0.531,0,7,0.136,-10.113,0,0.548,93.287,5,0.657,1,Queen's Speech 4,Lady Leshurr,Hip Hop
115,0.119,0.564,213622,0.594,0,11,0.536,-9.912,0,0.155,89.394,4,0.489,1,I Know There's Gonna Be (Good Times),Jamie xx,Indie
116,0.0659,0.751,202533,0.597,0,9,0.0881,-6.59,0,0.125,123.997,4,0.168,1,With That (feat. Duke),Young Thug,Hip Hop
117,0.00257,0.896,267024,0.623,0.000258,2,0.039,-8.008,1,0.0571,134.962,4,0.564,1,Hotline Bling,Drake,Pop
118,0.00256,0.618,196693,0.717,0,7,0.625,-5.738,1,0.318,190.05,4,0.601,1,679 (feat. Remy Boyz),Fetty Wap,Hip Hop
119,0.0244,0.746,222093,0.873,0,7,0.354,-3.803,1,0.128,148.075,4,0.808,1,Trap Queen,Fetty Wap,Hip Hop
120,0.013,0.888,200080,0.483,4.85E-06,6,0.0926,-7.797,1,0.154,125.008,4,0.221,1,No Type,Rae Sremmurd,Hip Hop
121,0.0127,0.443,318750,0.645,0.952,6,0.122,-6.24,1,0.0515,128.044,4,0.138,1,Chasing Heaven,Bassnectar,Dance
122,0.00943,0.507,282273,0.934,0.0018,8,0.222,-2.325,0,0.188,175.954,4,0.472,1,Speakerbox (feat. Lafa Taylor),Bassnectar,Dance
123,0.000758,0.695,253773,0.912,0.000103,10,0.302,-3.331,0,0.193,160.043,4,0.612,1,Movin' Bass - GTA Remix,Rick Ross,Hip Hop
124,0.674,0.462,226333,0.449,0.000632,0,0.0993,-9.271,0,0.0916,209.686,4,0.748,1,Danger and Dread,Brown Bird,Folk
125,0.0161,0.526,241440,0.712,0,11,0.179,-6.525,0,0.0356,105.009,4,0.299,1,Midnight City,M83,Indie
126,0.107,0.645,591707,0.924,0.0266,10,0.0982,-7.697,0,0.0569,90.852,4,0.886,1,Water No Get Enemy - Edit,Fela Kuti,World
127,0.0134,0.405,592920,0.647,7.62E-05,5,0.819,-6.109,0,0.0482,131.952,4,0.204,1,Pyramids,Frank Ocean,R&B
128,0.0219,0.735,269817,0.641,0.89,7,0.168,-6.177,0,0.0284,105.993,4,0.886,1,Hercules Theme,Hercules & Love Affair,Dance
129,0.0452,0.746,238146,0.416,7.77E-05,11,0.12,-6.607,1,0.0482,132.036,4,0.216,1,Rewind,Kelela,Dance
130,0.0551,0.547,251093,0.643,0,1,0.267,-8.904,1,0.227,143.064,4,0.187,1,My Sub (Pt. 2: The Jackin') - Album Version (Edited),Big K.R.I.T.,Hip Hop
131,0.0224,0.634,221960,0.609,0,6,0.099,-8.982,1,0.172,83.021,4,0.659,1,Kush,Lil Wayne,Hip Hop
132,0.244,0.607,253800,0.488,0.000177,8,0.113,-8.704,1,0.193,77.021,4,0.16,1,9,Willow,Pop
133,0.0668,0.704,199246,0.647,1.93E-06,10,0.101,-7.874,0,0.171,92.002,4,0.694,1,Magnets,Disclosure,Electronic
134,7.19E-05,0.558,258187,0.642,0.00746,5,0.201,-5.206,0,0.0321,99.977,4,0.492,1,Don't Move,Phantogram,Hip Hop
135,0.0227,0.698,248053,0.804,0.0599,4,0.566,-6.616,1,0.111,92.001,4,0.786,1,Pussy,Brazilian Girls,Jazz
136,0.103,0.772,191160,0.582,6.61E-05,4,0.323,-5.96,0,0.309,172.03,4,0.564,1,Black Mags,The Cool Kids,Hip Hop
137,0.0956,0.788,238467,0.864,0,11,0.335,-5.767,1,0.0335,133.295,4,0.678,1,Stay Fly - Explicit Album Version,Three 6 Mafia,Hip Hop
138,0.00919,0.944,261973,0.839,0,11,0.0921,-4.141,1,0.108,136.019,4,0.891,1,Sippin On Some Syrup,Three 6 Mafia,Hip Hop
139,0.354,0.729,176880,0.795,0,7,0.536,-4.579,1,0.144,146.747,4,0.853,1,Poppin' My Collar - feat. Project Pat - Explicit,Three 6 Mafia,Hip Hop
140,0.00469,0.721,228933,0.621,0.0103,1,0.199,-4.378,1,0.306,159.967,4,0.578,1,Sittin' Sidewayz - feat. Big Pokey Explicit,Paul Wall,Hip Hop
141,0.00102,0.798,227587,0.751,3.22E-06,1,0.0271,-6.335,1,0.263,162.003,4,0.482,1,Gold and a Pager,The Cool Kids,Hip Hop
142,0.0512,0.851,224653,0.387,0,0,0.0996,-13.584,1,0.334,116.629,4,0.365,1,Smell Yo D*ck,Riskay,Hip Hop
143,0.0252,0.34,147467,0.805,0,7,0.138,-3.397,1,0.0387,167.922,4,0.654,1,Don't Wanna Lose,Ex Hex,Indie
144,0.221,0.767,194066,0.891,0.0723,4,0.0935,-6.426,1,0.0402,122.026,4,0.779,1,Endless Rhythm,Baio,Indie
145,0.937,0.772,220093,0.635,0.018,0,0.0961,-8.412,1,0.0536,168.039,4,0.592,1,Demon,Shamir,Dance
146,2.13E-05,0.259,350920,0.847,0.823,2,0.133,-6.298,1,0.0332,150.162,4,0.682,1,Nothing Ever Happened,Deerhunter,Indie
147,0.284,0.633,226747,0.77,0,10,0.308,-6.954,0,0.327,149.97,4,0.324,1,Oh My Darling Don't Meow (Just Blaze Remix),Run The Jewels,Hip Hop
148,0.0962,0.654,252095,0.292,0.0031,2,0.106,-12.977,1,0.474,153.547,4,0.111,1,River,Ibeyi,Indie
149,0.334,0.726,221787,0.583,0.00135,0,0.122,-6.434,0,0.23,140.943,4,0.48,1,The Buzz (feat. Mataya & Young Tapz),Hermitude,Dance
150,0.0648,0.855,310907,0.638,0,9,0.162,-4.968,0,0.143,122.967,4,0.433,1,All Day,Kanye West,Hip Hop
151,0.185,0.704,282253,0.431,0.0972,8,0.249,-7.893,1,0.131,146.003,4,0.349,1,Blood On the Money,Future,Hip Hop
152,0.689,0.658,238560,0.179,0,8,0.17,-10.866,1,0.0448,128.128,4,0.197,1,River,Leon Bridges,R&B
153,0.000472,0.502,244204,0.833,0.043,2,0.352,-4.982,1,0.0638,142.053,4,0.593,1,Trust Me Danny,ILoveMakonnen,Hip Hop
154,0.00157,0.79,217707,0.676,0,8,0.25,-6.432,0,0.271,132.002,4,0.314,1,Big Rings,Drake,Hip Hop
155,0.0233,0.738,242188,0.849,0.0317,2,0.309,-6.246,1,0.0822,95.987,4,0.863,1,Annie,Neon Indian,Indie
156,0.00212,0.777,500550,0.739,0.868,9,0.109,-9.089,1,0.039,119.992,4,0.201,1,Acamar,Frankey,Dance
157,0.0734,0.791,219333,0.779,0,7,0.0832,-5.972,1,0.235,110.037,4,0.581,1,Alright,Kendrick Lamar,Funk
158,0.19,0.735,275840,0.41,0,11,0.341,-8.735,0,0.2,114.812,4,0.16,1,Know Yourself,Drake,Hip Hop
159,0.188,0.556,294360,0.582,0.911,6,0.229,-10.65,0,0.0357,131.023,4,0.516,1,Deicide,Crystal Castles,Indie
160,0.461,0.427,206387,0.465,5.52E-05,6,0.154,-6.595,1,0.0291,112.137,3,0.462,1,Coming Home,Leon Bridges,R&B
161,0.0111,0.563,176361,0.81,2.71E-05,8,0.142,-9.158,1,0.0372,99.996,4,0.767,1,Hercules Theme 2014,Hercules & Love Affair,Dance
162,0.0496,0.753,256320,0.708,0.0123,6,0.0872,-7.217,0,0.223,115.004,4,0.445,1,Forever,Majid Jordan,Pop
163,0.149,0.785,262979,0.764,0.813,4,0.201,-5.245,0,0.04,93.984,4,0.961,1,Next to You,Poolside,Dance
164,0.0682,0.557,293910,0.608,0.0263,5,0.196,-7.657,0,0.0862,109.67,4,0.211,1,Papi Pacify,FKA twigs,Electronic
165,0.489,0.594,235693,0.42,0.00452,4,0.0833,-8.467,0,0.031,140.04,4,0.311,1,Magnolia,Young & Sick,Other
166,0.000259,0.644,237120,0.758,0.0708,5,0.0726,-7.859,1,0.0458,108.99,4,0.752,1,Dark Matter,Feathers,Indie
167,0.217,0.704,185437,0.657,0.000118,10,0.0888,-7.172,0,0.35,150.058,4,0.804,1,Callie (feat. Vic Mensa),Donnie Trumpet,Hip Hop
168,0.0472,0.849,217693,0.408,0,6,0.101,-8.67,0,0.284,99.876,4,0.337,1,Wu-Tang Forever,Drake,Hip Hop
169,0.228,0.628,260947,0.568,0.0183,10,0.0906,-10.695,1,0.14,191.404,4,0.618,1,Fame (2007 Remastered),David Bowie,Pop
170,0.00689,0.717,224933,0.862,0,8,0.321,-4.736,1,0.054,130.021,4,0.512,1,We Dem Boyz,Wiz Khalifa,Hip Hop
171,0.0109,0.584,243480,0.68,1.03E-06,9,0.129,-4.685,0,0.0524,104.89,4,0.326,1,Ego Free Sex Free,Autre Ne Veut,Dance
172,0.0246,0.586,374133,0.806,0.000167,1,0.353,-9.542,1,0.0548,110.325,4,0.207,1,Her Fantasy,Matthew Dear,Dance
173,0.00399,0.648,560600,0.85,0.294,1,0.35,-6.277,1,0.0439,112.014,4,0.559,1,Little People (Black City),Matthew Dear,Dance
174,0.037,0.807,250130,0.785,0.000763,8,0.18,-7.928,1,0.148,124.051,4,0.421,1,Confess To Me,Disclosure,Pop
175,0.0789,0.577,355881,0.941,0.207,10,0.342,-4.338,1,0.0422,99.995,4,0.381,1,Let Me Show You Love,Cut Copy,Dance
176,0.141,0.5,256093,0.593,6.21E-06,1,0.0969,-4.34,1,0.0898,68.456,4,0.325,1,New Slaves,Kanye West,Hip Hop
177,0.108,0.804,336160,0.708,0.0636,10,0.0528,-5.099,0,0.0394,141.996,4,0.966,1,Sexy Socialite,Chromeo,Dance
178,0.0108,0.787,273853,0.658,0.0152,8,0.13,-5.379,0,0.0324,110.983,4,0.867,1,Okay,Holy Ghost!,Dance
179,0.0107,0.246,230230,0.784,5.71E-06,5,0.0825,-5.004,1,0.0529,153.027,4,0.189,1,Weight,Mikal Cronin,Rock
180,0.0107,0.882,284027,0.743,0.00152,7,0.327,-6.972,1,0.141,123.97,4,0.678,1,When A Fire Starts To Burn,Disclosure,House
181,0.0315,0.628,308527,0.824,0.543,0,0.0999,-7.983,1,0.112,122.01,4,0.86,1,When A Fire Starts To Burn - Midland Remix,Disclosure,House
182,0.00807,0.451,179947,0.79,0,11,0.0394,-4.261,0,0.0461,127.142,4,0.674,1,Fake Tales Of San Francisco,Arctic Monkeys,Rock
183,0.64,0.518,405027,0.385,0.000536,9,0.0931,-11.125,0,0.0286,100.878,4,0.264,1,Billie Holiday,Warpaint,Indie
184,0.0414,0.774,269867,0.901,4.84E-06,9,0.873,-5.398,0,0.216,128.024,4,0.768,1,Goody Two Shoes,Duck Sauce,House
185,0.0127,0.547,245293,0.635,5.01E-06,2,0.0585,-5.569,1,0.137,113.678,4,0.496,1,The Wire,HAIM,Rock
186,0.0585,0.552,283636,0.878,0.892,1,0.0746,-5.767,1,0.0353,176.057,4,0.603,1,Awake,Tycho,Other
187,0.00856,0.542,216827,0.946,5.38E-06,10,0.386,-6.307,1,0.0505,108.496,4,0.389,1,Man I Need,Jagwar Ma,House
188,0.019,0.695,246521,0.94,0.8,7,0.623,-2.935,1,0.127,100.262,4,0.337,1,N.O. Bounce,Big Freedia,Dance
189,0.0488,0.633,224720,0.492,0.00047,2,0.0758,-7.672,1,0.0524,114.845,4,0.357,1,Now Is Not The Time,CHVRCHES,Pop
190,0.365,0.312,222719,0.445,0.0038,11,0.13,-7.202,0,0.0305,97.967,4,0.308,1,No Rest For The Wicked,Lykke Li,Indie
191,0.17,0.43,154414,0.436,0,8,0.128,-4.816,1,0.119,90.053,4,0.22,1,Holdin On,Flume,Electronic
192,0.0346,0.19,230693,0.908,0.0369,0,0.241,-4.679,1,0.111,148.951,4,0.181,1,Rocking Chair,The Districts,Indie
193,0.0361,0.312,281360,0.907,0.618,7,0.363,-6.571,1,0.229,120.286,4,0.122,1,Marriage,Gold Panda,Other
194,0.00818,0.539,224907,0.582,0.0717,7,0.15,-7.414,1,0.0328,95.07,4,0.249,1,Ride On / Right On,Phosphorescent,Indie
195,0.613,0.698,230200,0.878,1.61E-05,8,0.518,-0.307,1,0.314,182.126,4,0.816,1,GodLovesUgly,Atmosphere,Hip Hop
196,0.00275,0.476,195200,0.818,0.757,2,0.279,-7.933,1,0.0318,159.089,4,0.745,1,New York City,Christopher Owens,Hip Hop
197,0.064,0.568,322544,0.936,0.00099,0,0.148,-6.365,1,0.0504,150.067,4,0.792,1,Moving to the Left,Woods,Indie
198,0.00192,0.558,301573,0.74,8.97E-06,6,0.129,-6.22,1,0.0448,118.293,4,0.214,1,All These Things That I've Done,The Killers,Indie
199,0.0212,0.604,187253,0.894,0,2,0.0299,-5,1,0.037,145.014,4,0.893,1,Junk of the Heart (Happy),The Kooks,Indie
200,0.0516,0.718,224267,0.921,0.0473,5,0.315,-3.978,0,0.0375,121.922,4,0.898,1,When The Night Falls - feat. Solange Knowles,Chromeo,Dance
201,0.0855,0.737,332453,0.545,9.32E-05,6,0.153,-8.536,0,0.362,140.086,4,0.438,1,Mercy,Kanye West,Hip Hop
202,0.0293,0.769,214333,0.712,2.12E-06,8,0.103,-4.692,0,0.029,120.975,4,0.948,1,Don't You Evah,Spoon,Indie
203,0.00731,0.567,343784,0.506,0.205,1,0.103,-8.742,1,0.0264,116.392,4,0.354,1,We Exist,Arcade Fire,Indie
204,0.000467,0.817,213059,0.588,1.51E-06,7,0.0911,-6.603,1,0.0399,119.934,4,0.448,1,Le Goudron (Edit),YACHT,Pop
205,0.0411,0.767,179240,0.912,0.402,1,0.0288,-1.157,1,0.054,144.084,4,0.496,1,Double Bubble Trouble,M.I.A.,Hip Hop
206,0.000195,0.77,391686,0.895,0.897,7,0.0455,-8.102,0,0.0488,120.986,4,0.678,1,Careless,Dusky,House
207,0.827,0.712,279800,0.77,0.548,10,0.0726,-13.187,0,0.0345,106.963,4,0.973,1,Look at You,George McCrae,Soul
208,0.39,0.706,131250,0.577,0.692,0,0.407,-6.226,0,0.0299,96.056,4,0.385,1,How Did I Get Here,ODESZA,Electronic
209,0.00471,0.542,227160,0.799,0.0161,4,0.0814,-3.641,0,0.0354,92.215,4,0.426,1,Black Out Days,Phantogram,Electronic
210,0.827,0.583,248213,0.776,3.81E-05,3,0.298,-5.293,1,0.0661,126.536,4,0.782,1,Bang! Bang!,Joe Cuba,World
211,0.0628,0.727,289267,0.548,0.526,10,0.133,-7.393,1,0.0291,107.826,4,0.93,1,Every 1's A Winner - Single Version,Hot Chocolate,Funk
212,0.00919,0.45,201602,0.782,0.101,11,0.123,-6.769,1,0.0364,173.954,4,0.209,1,Unbound,Cathedrals,Indie
213,0.0027,0.602,215518,0.764,0.0053,10,0.0822,-4.897,0,0.0435,105.997,5,0.468,1,Operate,ASTR,Electronic
214,0.385,0.415,359800,0.681,0,2,0.101,-4.104,0,0.189,171.893,4,0.372,1,Blood On The Leaves,Kanye West,Hip Hop
215,0.0304,0.614,315000,0.838,0.000297,10,0.166,-6.896,1,0.028,127.971,4,0.584,1,Come Save Me,Jagwar Ma,House
216,0.105,0.901,212712,0.744,7.79E-06,0,0.0964,-3.484,1,0.283,135.95,4,0.606,1,Hannah Montana,Migos,Hip Hop
217,0.359,0.7,218733,0.986,0.0221,0,0.963,-4.403,1,0.0573,123.033,4,0.64,1,High School Lover,Cayucas,Indie
218,0.119,0.583,202710,0.843,0,1,0.602,-7.416,0,0.409,108.066,5,0.422,1,They Come in Gold,Shabazz Palaces,Hip Hop
219,0.0112,0.6,215000,0.586,0.535,7,0.115,-9.414,1,0.0296,129.952,4,0.193,1,Tides of Neptune,Virgo,Trance
220,0.251,0.786,255094,0.706,0.213,9,0.142,-6.212,0,0.0537,120.011,4,0.318,1,Cocaine Model,ZHU,House
221,0.0696,0.512,287147,0.821,0.33,9,0.0998,-7.442,0,0.0334,149.988,4,0.396,1,Light House,Future Islands,Electronic
222,0.403,0.791,199973,0.664,0,7,0.61,-5.713,1,0.0831,149.939,4,0.96,1,Pass The Dutchie,Musical Youth,Reggae
223,0.849,0.533,378253,0.213,0.565,3,0.449,-13.437,0,0.0342,80.004,4,0.196,1,Words I Don't Remember,How To Dress Well,Trance
224,0.0862,0.731,178987,0.75,0.000388,2,0.202,-10.457,1,0.0321,135.406,4,0.648,1,I Would Die 4 U,Prince,Pop
225,0.000156,0.853,356560,0.532,0.88,1,0.0643,-13.443,1,0.121,99.989,4,0.499,1,Bless My Soul,Nightmares On Wax,Other
226,0.0398,0.674,313147,0.501,0.000123,2,0.0818,-12.907,0,0.0579,107.363,4,0.567,1,Heaven And Hell Is On Earth,20th Century Steel Band,Pop
227,0.0448,0.788,243800,0.617,0,2,0.088,-4.516,1,0.0651,122.065,4,0.13,1,Upper Echelon,Travis Scott,Hip Hop
228,0.000686,0.745,384907,0.857,0.2,0,0.022,-5.754,1,0.0393,115.945,4,0.946,1,Flying High (Part 1),Cloud One,Other
229,0.0107,0.621,240760,0.796,0.187,8,0.0719,-6.179,0,0.0327,140.012,4,0.288,1,Go,Grimes,Pop
230,0.377,0.818,242067,0.528,0,2,0.131,-10.666,0,0.0716,120.368,4,0.895,1,Spill The Wine,Eric Burdon,Funk
231,0.0988,0.856,247800,0.874,0.000472,11,0.339,-8.037,0,0.0401,122.416,4,0.91,1,Got To Give It Up (Part 1),Marvin Gaye,Soul
232,0.0913,0.614,286315,0.857,0,2,0.069,-8.85,0,0.0859,85.125,4,0.944,1,Never Gonna Give You Up,Barry White,Funk
233,0.0778,0.729,289627,0.527,0,9,0.382,-6.338,1,0.0708,126.012,4,0.23,1,Sanctified,Rick Ross,Hip Hop
234,0.0608,0.42,151853,0.776,0.0107,11,0.248,-8.827,1,0.0451,114.217,4,0.416,1,It #1,Ty Segall,Rock
235,0.011,0.757,280427,0.578,0.00672,0,0.127,-3.886,1,0.0386,102.96,4,0.952,1,Dangerous (feat. Joywave),Big Data,Indie
236,0.0249,0.618,221840,0.538,1.37E-05,2,0.352,-5.828,0,0.0319,79.925,4,0.299,1,Counting,Autre Ne Veut,R&B
237,0.642,0.657,175333,0.393,4.03E-05,0,0.14,-7.667,1,0.0367,99.946,4,0.266,1,You're the Best,Wet,Hip Hop
238,0.538,0.879,313493,0.495,0.000333,7,0.0827,-10.584,0,0.0765,102.652,4,0.797,1,Estrelar,Marcos Valle,World
239,0.0172,0.496,190582,0.54,0.0367,7,0.13,-7.121,0,0.0324,131.337,5,0.172,1,Hold On We're Going Home,ASTR,Electronic
240,0.0639,0.742,256693,0.945,0.165,5,0.131,-6.445,1,0.0428,112.977,4,0.748,1,Uncle ACE,Blood Orange,Funk
241,0.245,0.623,227907,0.65,0.000913,10,0.146,-7.953,1,0.0274,116.74,4,0.884,1,San Francisco,Foxygen,Indie
242,0.00101,0.736,258387,0.68,0.897,4,0.0922,-7.036,0,0.0361,120.995,4,0.0793,1,Stay High - Habits Remix,Tove Lo,Electronic
243,0.254,0.482,139267,0.96,2.43E-06,0,0.294,-5.269,0,0.126,113.263,4,0.539,1,Crosstown Traffic,Jimi Hendrix,Rock
244,0.0117,0.683,175357,0.86,0.000379,7,0.356,-7.317,1,0.31,143.311,4,0.317,1,Ziggy Starfish (Anxiety Raps) [feat. Gold Panda],Open Mike Eagle,Hip Hop
245,0.0626,0.697,181149,0.655,0.774,1,0.353,-9.781,0,0.15,86.969,4,0.436,1,Marijuana,Chrome Sparks,Dance
246,0.479,0.631,187617,0.626,0,9,0.108,-7.747,0,0.114,107.007,4,0.104,1,Crown Violet - Bonus Track,Azizi Gibson,Hip Hop
247,0.0957,0.747,202349,0.722,0.000519,8,0.208,-7.33,1,0.0349,100.215,4,0.56,1,Glad I Met You,D. Gookin,Dance
248,0.251,0.569,265827,0.74,2.68E-06,0,0.134,-6.235,1,0.283,180.559,4,0.709,1,Dancing In The Rain,Blu,Hip Hop
249,0.029,0.674,202733,0.832,5.56E-06,9,0.0927,-3.593,1,0.0616,102.833,4,0.807,1,You Know I'm No Good - Ghostface UK Version,Amy Winehouse,Soul
250,0.00744,0.578,246007,0.947,0.0816,11,0.105,-2.431,0,0.036,134.034,4,0.452,1,Kill V. Maim,Grimes,Pop
251,0.449,0.586,217120,0.658,0.368,10,0.109,-9.71,0,0.0457,144.933,4,0.276,1,Life Round Here,James Blake,Other
252,0.275,0.756,206378,0.44,0,1,0.101,-9.973,0,0.179,112.14,4,0.307,1,Sitting Pretty (feat. Wiz Khalifa),Ty Dolla $ign,Hip Hop
253,0.212,0.723,322050,0.687,5.83E-05,11,0.137,-7.019,0,0.0373,95.237,4,0.867,1,"Glyde 2nyte (feat. Leon Sylvers III, Leon Sylvers IV)",Dâm-Funk,Funk
254,0.0559,0.599,243589,0.645,0.108,0,0.0857,-6.098,1,0.0315,141.209,4,0.371,1,Clouds Over the Pacific,James Pants,Hip Hop
255,0.00333,0.586,238507,0.671,0.916,10,0.0521,-9.787,0,0.0445,91.412,4,0.771,1,Distant Land,Madlib,Hip Hop
256,0.0332,0.749,267800,0.802,0.0499,7,0.611,-6.159,0,0.0471,106.077,4,0.824,1,Flashlight,Parliament,Funk
257,0.539,0.689,171560,0.83,0,8,0.0882,-8.774,1,0.0954,140.732,4,0.822,1,Can You Get To That,Funkadelic,Funk
258,0.0257,0.283,186369,0.331,0.00489,0,0.174,-7.459,0,0.0315,101.797,3,0.151,1,Better,Banks,Electronic
259,0.0193,0.413,216771,0.676,0,6,0.1,-7.639,0,0.241,71.607,4,0.601,1,Pony,Pretty Sister,Dance
260,0.0181,0.932,192773,0.819,6.81E-06,8,0.0577,-3.484,0,0.203,119.941,4,0.552,1,WTF (Where They From) [feat. Pharrell Williams],Missy Elliott,Hip Hop
261,0.0062,0.748,312240,0.733,0,11,0.329,-4.421,0,0.072,93.019,4,0.273,1,Again,Fetty Wap,Hip Hop
262,0.108,0.53,194613,0.433,0,6,0.135,-10.598,1,0.185,160.14,4,0.272,1,Exchange,Bryson Tiller,R&B
263,0.196,0.388,238000,0.688,0.00883,5,0.0781,-8.407,0,0.0708,170.678,3,0.804,1,Sugar for the Queen,Bells Atlas,R&B
264,0.667,0.371,275013,0.703,0.00186,3,0.0986,-7.358,1,0.0404,120.599,4,0.558,1,Symphony of the Nymph,Ariel Pink's Haunted Graffiti,Rock
265,0.124,0.875,347667,0.532,0.0123,10,0.314,-13.265,0,0.0686,116.556,4,0.704,1,Cool It Now,New Edition,R&B
266,0.074,0.523,215867,0.722,0.00336,6,0.122,-6.533,1,0.0307,129.424,4,0.496,1,Jumpin' Jack Flash,Ananda Shankar,World
267,0.0962,0.654,252095,0.292,0.0031,2,0.106,-12.977,1,0.474,153.547,4,0.111,1,River,Ibeyi,Soul
268,0.455,0.847,191541,0.654,0.0622,5,0.0674,-6.443,0,0.113,119.998,4,0.624,1,You Know You Like It - Bondax Remix,AlunaGeorge,Pop
269,0.015,0.836,229715,0.537,0.00103,4,0.0805,-9.854,0,0.261,160.188,4,0.43,1,Batuque (Jeremy Sole & Atropolis Remix),Dom La Nena,World
270,0.172,0.413,273545,0.555,0.000309,11,0.256,-9.699,0,0.0427,121.976,4,0.542,1,Mykonos (feat. Fleet Foxes),Rhythms Del Mundo,World
271,0.123,0.473,153973,0.865,0.968,0,0.897,-6.391,1,0.0332,100.018,4,0.554,1,So Destroyed (channeling Rage Peace),Prince Rama,Dance
272,0.00593,0.609,207301,0.641,0.585,8,0.105,-5.309,1,0.0266,84.957,4,0.0844,1,Bitch,Allie X,Indie
273,0.174,0.544,181400,0.427,0.0248,9,0.133,-8.33,0,0.0298,139.939,4,0.189,1,Locket,Kilo Kish,Indie
274,0.0059,0.379,325500,0.674,1.04E-05,8,0.0957,-5.762,0,0.0305,99.797,3,0.0647,1,Apathy,Shlohmo,Electronic
275,0.000304,0.316,245880,0.748,0.0139,2,0.608,-8.187,1,0.0413,79.337,4,0.239,1,It All Feels Right,Washed Out,Trance
276,0.29,0.857,222573,0.484,3.04E-06,10,0.112,-6.232,0,0.148,107.434,4,0.729,1,Last Chance to Dance,Ekkah,Pop
277,0.00412,0.389,215560,0.884,0.172,9,0.31,-4.602,1,0.0741,128.604,4,0.399,1,The Righteous One,The Orwells,Rock
278,0.00492,0.519,282659,0.793,0.93,10,0.235,-9.83,0,0.0777,164.032,4,0.222,1,The New International Sound,GENER8ION,House
279,0.384,0.478,281774,0.6,0.808,5,0.0987,-11.025,0,0.0356,143.98,4,0.0635,1,Like Lust,MOVEMENT,Dance
280,0.00978,0.706,362413,0.643,0.00955,2,0.103,-9.357,0,0.0859,160.026,4,0.808,1,Rhythm of Devotion,Sisyphus,Hip Hop
281,0.0621,0.736,190440,0.539,0.0312,1,0.12,-8.316,1,0.0936,147.73,4,0.761,1,Zion Gate Dub,King Tubby,Reggae
282,0.081,0.651,253587,0.77,6.54E-05,0,0.114,-8.08,0,0.0274,112.923,4,0.738,1,Enjoy The Silence - Remastered Version Original,Depeche Mode,Rock
283,0.0269,0.869,270520,0.658,0.299,8,0.115,-5.025,1,0.036,109.998,4,0.244,1,Fried Neck Bones And Some Home Fries - Dan The Automator Remix,Willie Bobo,World
284,0.428,0.624,238427,0.852,0.656,1,0.114,-10.184,1,0.153,135.223,4,0.517,1,Archangel,Burial,Dubstep
285,0.699,0.386,328966,0.509,0.872,2,0.131,-12.745,0,0.034,129.982,4,0.254,1,"Lone Wolf and Cub (feat. Herbie Hancock, Flying Lotus, Miguel Atwood-Ferguson & Mono/poly)",Thundercat,Funk
286,0.22,0.234,207186,0.747,0.000176,11,0.157,-3.332,0,0.0577,81.805,4,0.365,1,Skyscraper,Elephant,Indie
287,0.516,0.525,216520,0.797,5E-06,1,0.152,-11.168,0,0.0656,100.518,4,0.769,1,I Want You - Single Version,Marvin Gaye,Soul
288,0.00564,0.521,208613,0.888,0.0226,8,0.0633,-5.197,1,0.0357,81.971,4,0.264,1,"The New International Sound, Pt. 2 (feat. M.I.A.)",GENER8ION,House
289,0.504,0.719,181459,0.697,0,2,0.295,-5.647,1,0.31,117.123,4,0.668,1,Suede (feat. Anderson Paak & Knxwledge),NxWorries,Hip Hop
290,0.825,0.722,196507,0.605,0.0178,5,0.248,-6.07,1,0.153,165.998,4,0.69,1,Bam Bam,Sister Nancy,Reggae
291,0.0453,0.806,218280,0.696,5.71E-06,11,0.0785,-5.109,1,0.0502,127.023,4,0.131,1,Alright,Logic,Hip Hop
292,0.259,0.763,156484,0.491,0.902,9,0.14,-8.587,0,0.0316,93.024,4,0.475,1,Rainy Streets,Blue In Green,Jazz
293,0.00403,0.736,168451,0.68,5.49E-06,9,0.116,-6.438,1,0.342,149.902,4,0.601,1,Hazelton Trump,OB OBrien,Hip Hop
294,0.0141,0.651,256667,0.824,6.02E-06,0,0.129,-9.368,1,0.0617,141.226,4,0.731,1,Free Stress Test,Professor Murder,Indie
295,0.127,0.479,278147,0.609,0,11,0.0815,-8.678,0,0.236,107.699,5,0.522,1,I'm Ya Dogg,Snoop Dogg,Hip Hop
296,0.379,0.535,293213,0.374,0.0464,9,0.0914,-8.83,1,0.0317,121.93,3,0.339,1,Hot Dreams,Timber Timbre,Folk
297,0.0861,0.356,242253,0.567,0,0,0.137,-7.011,0,0.0798,135.553,5,0.116,1,The Hills,The Weeknd,R&B
298,0.26,0.753,200213,0.9,0.000102,11,0.165,-1.866,0,0.0322,119.72,4,0.967,1,"When They Fight, They Fight",Generationals,Indie
299,0.032,0.694,273949,0.789,0.00129,4,0.127,-5.201,0,0.0378,109.014,4,0.549,1,The River,Son Little,R&B
300,0.0356,0.483,229893,0.804,1.6E-06,8,0.0736,-3.452,1,0.0501,73.048,4,0.803,1,Rill Rill,Sleigh Bells,Pop
301,0.0453,0.878,372096,0.43,0.751,11,0.101,-8.445,0,0.0658,119.999,4,0.138,1,Awake,Santé,House
302,0.19,0.703,228040,0.412,5.26E-06,6,0.221,-9.827,0,0.0288,152.219,4,0.815,1,Johnny Was,Bob Marley & The Wailers,Reggae
303,0.407,0.688,192040,0.488,0,11,0.43,-14.195,0,0.357,69.77,4,0.708,1,Monster Mash,"Bobby ""Boris"" Pickett",Pop
304,0.854,0.316,659560,0.308,0.888,2,0.585,-15.944,1,0.0411,103.459,4,0.0933,1,Night on Bald Mountain,Modest Mussorgsky,Classical
305,0.153,0.725,230400,0.918,0.0328,10,0.113,-4.912,0,0.0676,125.009,4,0.191,1,Feel The Volume,Jauz,Trap
306,0.321,0.749,308947,0.422,0.155,1,0.11,-11.004,0,0.0733,98.82,4,0.587,1,Water Me (feat. Leon Ware),Theophilus London,Hip Hop
307,0.00079,0.771,248991,0.248,0.1,5,0.341,-20.815,0,0.0802,139.937,4,0.281,1,Kathy Lee,Jessy Lanza,Electronic
308,0.0259,0.69,225533,0.548,0.00243,10,0.106,-9.587,0,0.352,121.509,4,0.693,1,Love Buzz,Shocking Blue,Rock
309,0.058,0.648,201848,0.887,0,1,0.0382,-4.536,0,0.188,102.128,4,0.464,1,Beautiful Life (feat. Action Bronson & Joey Bada$$),Statik Selektah,Hip Hop
844,0.436,0.684,250000,0.486,9.77E-05,2,0.12,-12.521,1,0.0385,115.076,4,0.821,1,Sunshine Of Your Love,Cream,Rock
845,0.000641,0.787,520311,0.679,0.912,7,0.0618,-12.377,1,0.0534,117.501,3,0.214,1,Taifa - The Emperor Machine Mix,Partial Arts,Dance
846,0.00254,0.696,502888,0.643,0.834,7,0.276,-10.124,1,0.0407,117.514,4,0.537,1,Taifa,Partial Arts,Dance
851,0.136,0.829,321067,0.65,2.15E-05,10,0.15,-9.691,1,0.06,108.398,4,0.744,1,I'll Be Good,Rene & Angela,Funk
858,0.916,0.334,700027,0.265,0.837,2,0.168,-17.219,1,0.0477,113.12,4,0.0549,1,Night on Bald Mountain,Modest Mussorgsky,Classical
867,0.0624,0.476,309064,0.571,0.353,5,0.349,-7.223,0,0.055,141.221,5,0.419,1,What I Might Do - Kilter Remix,Ben Pearce,House
869,4.19E-05,0.636,326129,0.864,0.887,5,0.104,-9.618,0,0.044,123.972,4,0.611,1,Nobodys Fool - Ben Pearce Remix,Real Connoisseur,House
877,0.887,0.366,210400,0.407,0.263,2,0.114,-10.047,1,0.0265,148.436,3,0.352,1,I'm Glad,Captain Beefheart & His Magic Band,
879,0.00727,0.582,302120,0.734,0.202,6,0.76,-6.987,0,0.0675,127.071,4,0.638,1,Boys Life,Small Black,Electronic
884,0.00543,0.363,178772,0.755,0.00105,1,0.084,-6.654,0,0.12,114.407,4,0.736,1,Only You,Mac Demarco,Indie
893,0.000624,0.906,311365,0.648,0.0857,11,0.272,-8.742,0,0.0734,123.98,4,0.646,1,Jack,Breach,Indie
894,0.000334,0.907,183581,0.616,0.425,6,0.11,-7.073,0,0.0577,124.036,4,0.614,1,Jack,Breach,Indie
898,0.0125,0.634,405933,0.858,0.84,1,0.0984,-11.661,1,0.0417,123.991,4,0.233,1,Delorean Dynamite,Todd Terje,Electronic
899,0.198,0.603,145773,0.921,0.00035,5,0.133,-3.555,0,0.0931,122.978,4,0.814,1,Do You Want a Man - Heaven & Hell Remix,William Onyeabor,Funk
913,0.00428,0.704,405560,0.895,0.28,10,0.267,-7.81,1,0.0647,118.662,4,0.865,1,"Bizarre Love Triangle - Shep Pettibone 12"" Remix",New Order,Electronic
914,0.0154,0.606,195307,0.913,0.905,9,0.326,-7.865,1,0.0417,146.15,4,0.82,1,Dreams Never End - 2015 Remastered Version,New Order,Electronic
915,0.00207,0.587,546467,0.915,0.579,4,0.136,-8.307,0,0.0404,128.004,4,0.539,1,Plastic - Extended Mix,New Order,Electronic
959,0.0173,0.916,183695,0.571,1.11E-06,10,0.153,-8.241,0,0.2,103.521,4,0.467,1,For Free,DJ Khaled,Hip Hop
963,0.543,0.785,196570,0.796,0.291,5,0.108,-5.815,0,0.0379,136.05,4,0.806,1,Cane Shuga,Glass Animals,Pop
965,0.0378,0.81,369627,0.793,1.82E-06,6,0.072,-9.404,0,0.0403,116.049,4,0.86,1,Get Lucky,Daft Punk,House
967,0.0384,0.841,195474,0.729,0,6,0.276,-3.047,0,0.239,132.073,4,0.43,1,Versace,Migos,Hip Hop
968,0.000954,0.775,188013,0.823,0,1,0.144,-6.091,1,0.271,130.041,4,0.288,1,Black Skinhead,Kanye West,Hip Hop
969,0.147,0.85,261321,0.509,0,6,0.0759,-9.637,0,0.378,134.9,4,0.769,1,Type of Way,Rich Homie Quan,Hip Hop
970,0.00444,0.413,225867,0.633,0,7,0.361,-5.188,1,0.0558,170.016,4,0.184,1,Recover,CHVRCHES,Indie
971,0.222,0.76,199227,0.79,0,10,0.268,-3.835,1,0.344,94.017,4,0.57,1,Bitter Rivals,Sleigh Bells,Pop
972,0.0745,0.409,175480,0.532,0.00523,2,0.0795,-6.266,1,0.033,99.935,4,0.354,1,Gonna Die,Autre Ne Veut,R&B
973,0.957,0.342,171613,0.159,0.114,9,0.101,-18.127,1,0.0477,91.963,4,0.329,1,Angels,The xx,Indie
975,0.00369,0.647,285596,0.762,0.00641,0,0.0884,-7.765,1,0.0363,120.832,4,0.438,1,I Got U,Duke Dumont,House
976,0.0216,0.709,343800,0.669,0.0125,11,0.146,-8.422,0,0.0409,105.004,4,0.106,1,Something About You - ODESZA Remix,Hayden James,Electronic
980,0.0564,0.607,248000,0.435,0.0178,6,0.171,-6.604,0,0.0475,120.045,4,0.255,1,Want My Love,Cathedrals,Indie
981,0.0369,0.448,258653,0.733,0.0425,3,0.169,-6.238,1,0.0292,142.008,4,0.404,1,Myth,Beach House,Pop
982,0.655,0.507,194253,0.466,0.363,1,0.0929,-11.966,1,0.0862,157.013,4,0.0978,1,Weary,Solange,R&B
985,0.2,0.739,556924,0.848,0.824,1,0.111,-4.598,0,0.0332,125.02,4,0.782,1,Let It Happen - Soulwax Remix,Tame Impala,Rock
986,0.0739,0.833,301240,0.663,0.00351,2,0.0814,-3.639,1,0.105,103.693,4,0.457,1,Hood Pass Intact,Dâm-Funk,Funk
988,0.208,0.514,233818,0.632,0.0132,2,0.115,-6.305,1,0.0501,94.569,4,0.31,1,Ode To Viceroy,Mac Demarco,Indie
991,0.0208,0.869,233787,0.687,1E-06,1,0.114,-6.816,1,0.263,96.006,4,0.668,1,F**kin' Problems,A$AP Rocky,Hip Hop
992,0.144,0.709,310187,0.412,0.000101,8,0.0814,-11.602,1,0.488,174.062,4,0.505,1,Swerve... the reeping of all that is worthwhile (Noir not withstanding),Shabazz Palaces,Hip Hop
993,0.0559,0.521,182160,0.851,0,2,0.267,-3.235,1,0.0336,130.032,4,0.825,1,Never Saw The Point,Cults,Indie
994,0.0852,0.858,203373,0.789,0,11,0.229,-7.462,0,0.291,125.993,4,0.658,1,212,Azealia Banks,Hip Hop
998,0.142,0.714,135920,0.566,1.25E-06,7,0.57,-4.408,1,0.056,113.074,4,0.429,1,Father Stretch My Hands Pt. 1,Kanye West,Hip Hop
1010,0.00298,0.545,278227,0.904,0.00117,6,0.0679,-5.201,1,0.34,139.871,4,0.681,1,3 Wheel-ups (feat. Wiley & Giggs),Kano,Hip Hop
1015,0.258,0.812,181114,0.937,0,1,0.239,-1.894,1,0.295,139.997,4,0.851,1,6 In The Morning,Wiley,Hip Hop
1016,0.0103,0.745,143214,0.822,4.2E-06,7,0.155,-6.354,1,0.252,86.733,5,0.374,1,Skepta Interlude,Drake,Hip Hop
1126,0.0525,0.779,166600,0.659,0,0,0.128,-5.455,1,0.0808,95.003,4,0.924,0,Fuego,Juanes,Pop
1127,0.051,0.712,214072,0.901,0,1,0.162,-4.699,0,0.0595,97.98,4,0.84,0,Al Filo de Tu Amor,Carlos Vives,World
1128,0.0983,0.648,223800,0.833,0.001,11,0.127,-5.116,1,0.0543,108.001,4,0.301,0,Young And Menace,Fall Out Boy,Punk
1129,0.00898,0.499,229093,0.824,0,7,0.163,-4.741,1,0.0794,161.977,4,0.692,0,"Sugar, We're Goin Down",Fall Out Boy,Punk
1130,0.004,0.385,228360,0.866,0,4,0.111,-2.817,0,0.0697,176.014,4,0.548,0,Centuries,Fall Out Boy,Punk
1131,0.0313,0.561,186827,0.927,2.34E-05,9,0.529,-4.374,0,0.0619,152.011,4,0.562,0,My Songs Know What You Did In The Dark (Light Em Up),Fall Out Boy,Punk
1132,0.00139,0.613,189387,0.874,1.82E-06,2,0.656,-3.594,1,0.0697,108.038,4,0.532,0,Immortals,Fall Out Boy,Punk
1133,0.119,0.623,211573,0.956,0.000227,4,0.617,-2.608,0,0.0753,149.958,4,0.718,0,Uma Thurman,Fall Out Boy,Punk
1134,0.00494,0.616,180267,0.961,0,11,0.078,-3.144,0,0.139,114.492,4,0.531,0,"Dance, Dance",Fall Out Boy,Punk
1135,0.000965,0.607,212040,0.889,0,9,0.0839,-4.034,1,0.0394,100.034,4,0.376,0,"This Ain't A Scene, It's An Arms Race",Fall Out Boy,Punk
1136,0.177,0.95,214648,0.412,0,1,0.077,-6.592,1,0.0731,121.019,4,0.741,0,Bad Liar,Selena Gomez,Pop
1137,0.222,0.63,228827,0.815,0,2,0.091,-4.265,1,0.152,88.357,4,0.814,0,Despacito - Remix,Luis Fonsi,Pop
1138,0.00593,0.608,187761,0.841,0.0573,0,0.121,-3.798,1,0.0464,167.969,4,0.25,0,Thunder,Imagine Dragons,Pop
1139,0.0969,0.774,211475,0.626,3.12E-05,3,0.0848,-4.432,0,0.0432,100.041,4,0.758,0,Attention,Charlie Puth,Pop
1140,0.381,0.857,199440,0.8,0,2,0.0913,-4.035,1,0.0583,121.996,4,0.965,0,There's Nothing Holdin' Me Back,Shawn Mendes,Pop
1141,0.102,0.44,258188,0.413,1.7E-05,0,0.103,-7.425,0,0.0446,131.659,4,0.125,0,Quit (feat. Ariana Grande),Cashmere Cat,Electronic
1142,0.0745,0.696,211364,0.503,0,8,0.0869,-4.842,1,0.0356,99.977,4,0.539,0,The Cure,Lady Gaga,Pop
1143,0.197,0.633,193511,0.592,0,0,0.099,-7.245,0,0.112,90.066,4,0.643,0,First Time,Kygo,House
1144,0.062,0.711,223190,0.722,0,5,0.14,-3.946,1,0.0472,99.954,4,0.483,0,No Vacancy,OneRepublic,Pop
1146,0.0577,0.565,231906,0.782,4.16E-05,8,0.0757,-6.413,1,0.0506,140.004,4,0.392,0,Malibu,Miley Cyrus,Pop
1148,0.56,0.622,250200,0.593,0,5,0.175,-7.755,0,0.0414,100.048,4,0.361,0,1-800-273-8255,Logic,Hip Hop
1153,0.0283,0.656,197253,0.615,0,5,0.234,-6.252,1,0.0539,139.91,4,0.364,0,Bad Bitch (feat. Ty Dolla $ign),Bebe Rexha,Hip Hop
1161,0.0293,0.726,233833,0.769,0.0101,6,0.104,-5.043,1,0.123,97.985,4,0.75,0,Unforgettable,French Montana,Hip Hop
1162,0.000339,0.905,177604,0.596,2.05E-05,1,0.0897,-7.496,0,0.118,149.996,4,0.419,0,HUMBLE.,Kendrick Lamar,Hip Hop
1164,0.075,0.696,216409,0.817,0,1,0.187,-3.862,1,0.109,98.064,4,0.779,0,Swalla (feat. Nicki Minaj & Ty Dolla $ign),Jason Derulo,R&B
1183,0.304,0.804,298941,0.459,0.0862,11,0.11,-11.556,1,0.039,111.963,4,0.372,0,Passionfruit,Drake,Hip Hop
1184,0.581,0.825,233713,0.652,0,1,0.0931,-3.183,0,0.0802,95.977,4,0.933,0,Shape of You,Ed Sheeran,Pop
1198,0.0295,0.581,204160,0.963,0,11,0.139,-4.087,1,0.0981,129.992,4,0.792,0,Timber,Pitbull,Hip Hop
1200,0.069,0.599,245041,0.803,0.137,0,0.129,-3.641,0,0.0986,126.057,4,0.254,0,Titanium (feat. Sia),David Guetta,Electronic
1201,0.0181,0.62,229573,0.869,0,1,0.369,-5.252,1,0.175,151.684,4,0.769,0,E.T. - feat. Kanye West,Katy Perry,Pop
1202,0.000704,0.657,190186,0.827,0.00534,5,0.065,-4.036,1,0.0734,145.889,4,0.698,0,GDFR (feat. Sage The Gemini & Lookas),Flo Rida,Hip Hop
1203,0.0525,0.715,207333,0.655,0,0,0.115,-6.425,1,0.137,95.078,4,0.557,0,"Young, Wild & Free (feat. Bruno Mars)",Snoop Dogg,Hip Hop
1204,0.0514,0.786,250189,0.857,0,9,0.112,-3.765,1,0.0734,110.038,4,0.602,0,The Monster,Eminem,Hip Hop
1205,0.0746,0.755,199693,0.832,1.27E-06,2,0.291,-2.741,0,0.116,120.032,4,0.719,0,TiK ToK,Kesha,Pop
1206,0.0715,0.859,188453,0.697,0,1,0.0761,-3.79,0,0.0569,117.008,4,0.875,0,Love You Like A Love Song,Selena Gomez & The Scene,Pop
1207,0.112,0.612,212862,0.84,0,11,0.116,-3.145,0,0.0509,129.042,4,0.441,0,Don't You Worry Child (Radio Edit) [feat. John Martin],Swedish House Mafia,House
1208,0.0762,0.809,195853,0.628,0.000371,11,0.113,-5.021,0,0.0561,130.008,4,0.797,0,Sexy Bitch (feat. Akon) - Featuring Akon;explicit,David Guetta,Electronic
1209,0.000979,0.842,189907,0.531,1.34E-05,0,0.0667,-8.729,1,0.0377,105.013,4,0.758,0,Somebody,Natalie La Rose,R&B
1210,0.0183,0.745,189959,0.714,0,1,0.0636,-5.501,0,0.0302,120.025,4,0.847,0,Maps,Maroon 5,Pop
1211,0.162,0.725,247520,0.68,2.13E-06,8,0.158,-5.465,1,0.0306,119.939,4,0.753,0,Am I Wrong,Nico & Vinz,World
1212,0.0117,0.579,275987,0.821,0,1,0.0631,-4.616,1,0.152,174.063,4,0.561,0,Umbrella,Rihanna,R&B
1213,0.0649,0.663,257840,0.714,0,1,0.116,-4.944,0,0.038,121.99,4,0.471,0,Counting Stars,OneRepublic,Pop
1214,0.00107,0.818,213733,0.799,0.128,1,0.057,-4.1,0,0.156,100.014,4,0.0953,0,Turn Down for What,DJ Snake,Trap
1215,0.0378,0.81,369627,0.793,1.82E-06,6,0.072,-9.404,0,0.0403,116.049,4,0.86,0,Get Lucky,Daft Punk,House
1216,0.0533,0.441,225160,0.87,3.7E-06,2,0.0936,-4.845,1,0.057,134.469,4,0.281,0,A Dustland Fairytale,The Killers,Indie
1217,0.0215,0.688,192191,0.702,0,7,0.128,-4.792,0,0.0499,94.006,4,0.731,0,My House,Flo Rida,Hip Hop
1218,0.219,0.427,257760,0.861,0,1,0.277,-4.874,1,0.376,161.776,4,0.581,0,Best I Ever Had,Drake,Hip Hop
1219,0.0196,0.592,206880,0.752,0,1,0.0477,-6.589,1,0.114,74.784,4,0.73,0,Stitches,Shawn Mendes,Pop
1220,0.403,0.753,203467,0.801,0,4,0.128,-3.215,1,0.0296,128.011,4,0.787,0,I Will Never Let You Down,Rita Ora,Pop
1221,0.186,0.548,272394,0.532,0.000263,5,0.217,-7.596,1,0.0323,85.03,4,0.428,0,Do I Wanna Know?,Arctic Monkeys,Rock
1222,0.00901,0.635,307987,0.983,0.00799,6,0.0683,-3.807,0,0.174,145.085,4,0.422,0,Cinema - Skrillex Remix,Benny Benassi,Electronic
1223,0.0431,0.697,277387,0.527,1.25E-05,0,0.0882,-10.438,0,0.211,121.849,4,0.289,0,Take Care,Drake,Hip Hop
1224,0.0208,0.583,258827,0.786,0,2,0.188,-3.142,0,0.0301,123.052,4,0.556,0,Love Song,Sara Bareilles,pop
1225,0.00373,0.862,263827,0.608,6.14E-06,7,0.0856,-4.762,1,0.0402,120.002,4,0.825,0,Blurred Lines,Robin Thicke,Pop
1226,0.119,0.68,313787,0.489,2.86E-05,11,0.606,-7.837,0,0.432,74.04,4,0.261,0,Swimming Pools (Drank) - Extended Version,Kendrick Lamar,Hip Hop
1227,0.161,0.772,225560,0.648,0,9,0.269,-6.222,1,0.0612,129.966,4,0.744,0,Beautiful Girls - Radio Disney Version,Sean Kingston,Hip Hop
1228,0.0532,0.709,189333,0.697,5.15E-05,2,0.349,-3.471,1,0.0275,112.017,4,0.78,0,Cool,Gwen Stefani,Pop
1229,0.455,0.627,262853,0.56,0,5,0.126,-5.378,1,0.0667,97.967,4,0.488,0,Can’t Live Without,Hollyn,Other
1353,0.00075,0.616,292907,0.946,0.0777,1,0.355,-2.876,1,0.0687,127.992,4,0.332,0,The Devil's Den,Skrillex,Dance
1354,0.0106,0.633,245053,0.926,0.54,11,0.133,-4.749,0,0.0971,140.037,4,0.493,0,Right On Time,Skrillex,Dance
1359,0.0171,0.726,212409,0.889,0.00106,6,0.0741,-4.251,0,0.0304,119.983,4,0.531,0,PIZZA,Oohyo,Indie
1360,0.773,0.741,193217,0.219,2.84E-06,11,0.116,-11.944,1,0.0432,101.78,4,0.198,0,이대로 있어줘요 Stay With Me,도시총각 Dosichonggak,Indie
1361,0.498,0.587,246457,0.554,0.000663,1,0.106,-7.212,1,0.0424,80.013,4,0.431,0,Stardust,Kevin Oh,R&B
1362,2.54E-05,0.321,128340,0.751,0.235,9,0.109,-4.655,1,0.0543,110.182,4,0.174,0,Burning youth,Hyukoh,Indie
1363,0.263,0.697,193605,0.692,0,7,0.104,-5.34,1,0.0511,124.829,4,0.275,0,Wi Ing Wi Ing,Hyukoh,Indie
1364,0.712,0.483,229261,0.524,0,11,0.0975,-3.92,1,0.0261,91.878,4,0.519,0,Wonder,Standing Egg,Pop
1365,0.285,0.498,221293,0.436,0,6,0.06,-4.592,1,0.0304,79.871,4,0.261,0,I'll Pick You Up,Standing Egg,Pop
1366,0.0262,0.635,183781,0.575,0.00337,11,0.361,-8.8,0,0.0581,159.913,4,0.493,0,VAMOS,Oohyo,Indie
1367,0.364,0.819,186817,0.677,0.0313,5,0.0915,-5.703,0,0.0423,94.975,4,0.93,0,MWAH,Humming Urban Stereo,Pop
1368,0.564,0.676,238895,0.508,0.000142,2,0.101,-7.515,1,0.0577,106.015,4,0.327,0,Loop,NELL,Indie
1369,0.873,0.657,201667,0.427,0,0,0.109,-6.879,1,0.0377,144.014,4,0.24,0,With Me,Vanilla Acoustic,Pop
1370,0.0989,0.483,263979,0.747,0.000409,5,0.24,-4.363,1,0.0549,80.117,4,0.223,0,Monster,PALGOU,Electronic
1371,0.264,0.62,225800,0.529,0,5,0.354,-5.333,0,0.0353,94.951,4,0.572,0,What 2 Do,DEAN,R&B
1372,0.669,0.751,230493,0.489,3.57E-06,8,0.177,-5.418,1,0.0343,140.013,4,0.468,0,For Me,Gyepy,Pop
1373,0.765,0.767,203263,0.445,0.000727,6,0.0897,-8.527,1,0.0328,119.923,4,0.375,0,Fallen in Love (Only With You),Jang Beom June,Rock
1374,0.164,0.844,226600,0.32,0,6,0.107,-9.532,0,0.0475,125.927,4,0.575,0,Talk,10cm,Folk
1375,0.253,0.743,237588,0.886,0.00267,8,0.714,-3.503,0,0.0831,109.961,4,0.397,0,Black Out,PALGOU,Electronic
1376,0.107,0.54,204589,0.408,0.000811,0,0.111,-11.899,0,0.0457,159.813,4,0.655,0,Sleeping Habits,Donguy,Pop
1377,0.224,0.657,230000,0.536,0.00432,4,0.352,-7.073,1,0.0303,119.95,4,0.184,0,Romance in Seoul,Neon Bunny,Pop
1378,0.532,0.549,200231,0.451,3.44E-05,1,0.0425,-10.302,0,0.15,85.296,4,0.621,0,Hot and Cold (feat. Yun Cheoljong of 10cm),SunWoo Jung-A,Pop
1379,0.859,0.762,175792,0.277,0,7,0.161,-9.263,1,0.0459,109.689,3,0.286,0,Ki-dult,SBGB,Pop
1380,0.837,0.214,249727,0.484,9.66E-05,9,0.114,-5.44,1,0.0324,81.625,4,0.267,0,"지금 여기, 이곳에서 (Duet With 루시아) , 지금 여기, 이곳에서",Sentimental Scenery,Indie
1381,0.0219,0.63,222546,0.684,0.00108,11,0.103,-6.74,0,0.0399,142.952,4,0.881,0,너와의 공식 Love Equation,플랫핏 Flat Feet,Pop
1382,0.806,0.35,254925,0.347,4.37E-06,4,0.102,-6.154,1,0.0318,146.661,4,0.241,0,I Don't Love You,Urban Zakapa,R&B
1383,0.439,0.892,157001,0.443,0,0,0.0866,-6.181,1,0.0379,107.984,4,0.729,0,My eyes,10cm,Indie
1384,0.881,0.764,99610,0.177,3.34E-05,9,0.121,-13.596,0,0.0983,115.697,4,0.569,0,Zig Zag,Kwon Jin Ah,Pop
1406,0.503,0.41,256333,0.648,0,7,0.219,-4.469,1,0.0362,60.391,4,0.342,0,Don't You Cry For Me,Cobi,Electronic
1407,0.947,0.483,248176,0.199,0,2,0.109,-11.37,1,0.0586,78.103,4,0.162,0,Waves - Acoustic,Dean Lewis,Pop
1408,0.461,0.59,162084,0.568,0.0562,7,0.106,-8.332,1,0.0252,153.113,4,0.731,0,Runner,Jon and Roy,Rock
1409,0.302,0.696,292987,0.521,0,10,0.0565,-8.465,0,0.332,100,4,0.471,0,No Role Modelz,J. Cole,Hip Hop
1410,0.0752,0.504,239320,0.705,0,6,0.128,-8.205,0,0.364,175.483,4,0.564,0,Wet Dreamz,J. Cole,Hip Hop
1411,0.358,0.894,216520,0.284,0.000487,11,0.11,-13.002,0,0.33,138.944,4,0.413,0,Neighbors,J. Cole,Hip Hop
1416,0.00375,0.7,210472,0.693,0,2,0.314,-6.553,1,0.14,133.981,4,0.513,0,Froze (feat. Lil Uzi Vert & Nicki Minaj),Meek Mill,Hip Hop
1417,0.0415,0.37,250240,0.87,0,5,0.604,-2.09,1,0.271,79.092,4,0.334,0,Ima Boss - feat. Rick Ross,Meek Mill,Hip Hop
1418,0.214,0.523,291280,0.783,0,6,0.612,-3.755,0,0.185,117.264,5,0.312,0,Apple of My Eye,Rick Ross,Hip Hop
1419,0.00895,0.434,332600,0.785,0,4,0.132,-4.169,0,0.128,106.926,5,0.393,0,Santorini Greece,Rick Ross,Hip Hop
1420,0.0123,0.481,341680,0.716,0,10,0.141,-5.996,0,0.622,78.829,4,0.399,0,Idols Become Rivals,Rick Ross,Hip Hop
1421,0.00612,0.729,275720,0.838,0,8,0.0721,-4.476,0,0.313,136.869,4,0.35,0,Trap Trap Trap,Rick Ross,Hip Hop
1423,0.00184,0.541,225427,0.609,0,1,0.179,-3.715,1,0.127,158.314,4,0.298,0,She On My Dick,Rick Ross,Hip Hop
1424,0.0084,0.629,242373,0.7,0,2,0.118,-6.212,1,0.264,85.814,4,0.159,0,I Think She Like Me,Rick Ross,Hip Hop
1476,0.131,0.522,210816,0.86,0.0209,10,0.122,-3.773,0,0.145,128.019,4,0.263,0,Open,Yellow Claw,Other
1477,0.0533,0.599,288877,0.667,0,7,0.134,-4.267,1,0.0367,80.984,4,0.811,0,I'm the One,DJ Khaled,Hip Hop
1478,0.0521,0.719,194320,0.657,0,11,0.0872,-4.588,0,0.0494,122.02,4,0.694,0,There's Nothing Holdin' Me Back - NOTD Remix,Shawn Mendes,R&B
1479,0.00461,0.615,201387,0.638,0.00979,1,0.382,-5.341,1,0.13,106.002,4,0.41,0,Bon Appétit - MUNA Remix,Katy Perry,Pop
1480,0.00647,0.695,182693,0.818,4.87E-06,5,0.0219,-5.379,0,0.0334,119.965,4,0.923,0,Hard Times,Paramore,Rock
1484,0.0121,0.692,195889,0.896,6.59E-05,1,0.199,-4.017,1,0.0502,134.056,4,0.809,0,That's What I Like - Alan Walker Remix,Bruno Mars,Pop
1485,0.0771,0.709,225253,0.782,4.71E-06,7,0.302,-3.526,0,0.0469,102.032,4,0.706,0,No More Sad Songs (feat. Machine Gun Kelly),Little Mix,Pop
1486,0.000569,0.624,189613,0.673,1.54E-06,4,0.104,-4.017,0,0.0268,121.986,4,0.458,0,Carolina,Harry Styles,Pop
1504,0.0018,0.598,205746,0.748,0.000196,8,0.116,-6.239,1,0.0706,130.057,4,0.321,0,Confident,Demi Lovato,Pop
1508,0.48,0.414,191308,0.469,0,8,0.0974,-7.583,1,0.0485,139.401,3,0.322,0,Stone Cold,Demi Lovato,Pop
1521,0.973,0.478,388040,0.0757,0.939,5,0.108,-20.847,1,0.0505,76.952,4,0.235,0,For Wee Folks,Joey Alexander,Jazz
1663,0.00281,0.608,219398,0.878,4.83E-06,0,0.415,-3.631,1,0.0765,128.069,4,0.326,0,Falling Back - Radio Edit,Cosmic Gate,Trance
1664,0.0294,0.591,228347,0.649,0,3,0.133,-6.72,1,0.0417,90.002,4,0.482,0,Fireflies,Owl City,Electronic
1665,0.0314,0.559,205933,0.882,1.71E-05,3,0.605,-4.281,1,0.157,126.064,4,0.644,0,Good Time,Owl City,Electronic
1666,0.0243,0.631,218093,0.838,0,11,0.0512,-6.817,0,0.0818,127.938,4,0.392,0,When Can I See You Again?,Owl City,Electronic
1673,0.114,0.858,290836,0.697,0,2,0.224,-5.361,1,0.23,98.012,4,0.365,0,$ave Dat Money (feat. Fetty Wap & Rich Homie Quan),Lil Dicky,Hip Hop
1674,0.000175,0.537,127427,0.624,2.2E-06,11,0.116,-8.794,1,0.325,102.315,4,0.4,0,Calm Down,G-Eazy,Hip Hop
1675,0.0583,0.688,230493,0.835,2.87E-06,8,0.0795,-4.162,1,0.0911,84.858,4,0.879,0,Remember The Name (feat. Styles Of Beyond),Fort Minor,Hip Hop
1676,0.00436,0.578,233182,0.909,0.00128,7,0.707,-3.672,1,0.105,87.983,4,0.518,0,Mind Tricks,Bassnectar,Dubstep
1677,0.00107,0.507,215291,0.918,8.7E-06,2,0.311,-4.684,1,0.0701,92.006,4,0.275,0,Help,Papa Roach,Rock
1678,0.0765,0.54,231107,0.661,0,3,0.125,-5.534,0,0.0381,90.012,4,0.509,0,Follow You,Bring Me The Horizon,Rock
1702,0.474,0.672,184960,0.396,0,2,0.0921,-9.489,0,0.0349,130.015,4,0.464,0,In Your Arms,Kina Grannis,Pop
1703,0.292,0.862,150707,0.351,0,9,0.105,-11.793,1,0.0439,124.964,4,0.504,0,Valentine,Kina Grannis,Pop
1713,0.0735,0.531,224333,0.771,0,4,0.17,-6.162,1,0.0468,159.973,4,0.608,0,Worldwide,Big Time Rush,Pop
1714,0.0273,0.599,197587,0.888,0,11,0.28,-2.931,0,0.0514,121.05,4,0.84,0,Big Time Rush,Big Time Rush,Pop
1715,0.178,0.644,200613,0.842,0,8,0.0796,-4.787,1,0.0429,99.05,4,0.852,0,Popular Song,MIKA,Pop
1716,0.0671,0.543,183960,0.852,0,1,0.0822,-3.737,1,0.0787,129.023,4,0.689,0,All About Tonight - featuring Cymphonique Miller,How To Rock Cast,Rock
1717,0.219,0.638,209933,0.705,0,2,0.156,-4.47,1,0.035,91.961,4,0.292,0,Count On You,Big Time Rush,Pop
1718,0.0196,0.437,175587,0.802,0,2,0.0709,-5.709,1,0.0997,121.387,5,0.604,0,I Know You Know,Big Time Rush,Pop
1719,0.000479,0.695,218187,0.579,0,0,0.0556,-5.066,1,0.0325,88.957,4,0.731,0,Bring It All to Me,Blaque,R&B
1720,0.0117,0.85,258113,0.398,0,7,0.263,-9.816,1,0.0534,99.717,4,0.717,0,Too Close,Next,R&B
1721,0.0453,0.841,278467,0.552,0.00154,7,0.0533,-10.345,1,0.0498,99.018,4,0.596,0,I'm So Into You,SWV,R&B
1722,0.409,0.618,291880,0.688,6.32E-06,5,0.3,-5.867,0,0.0477,78.311,4,0.561,0,Don't Let Go (Love),En Vogue,Soul
1723,0.0029,0.583,271093,0.681,6.03E-05,11,0.0999,-8.152,0,0.0585,188.256,4,0.57,0,Candy Rain,Soul For Real,R&B
1724,0.067,0.829,243159,0.652,0,7,0.0812,-8.693,0,0.108,99.581,4,0.717,0,Wifey,Next,R&B
1725,0.396,0.635,329907,0.53,0,8,0.118,-8.1,1,0.0328,116.631,4,0.204,0,On Bended Knee,Boyz II Men,R&B
1726,0.267,0.809,275080,0.522,1.97E-05,10,0.0729,-8.747,0,0.0821,99.001,4,0.879,0,Get It On Tonite,Montell Jordan,Soul
1727,0.074,0.642,348893,0.421,0,5,0.0676,-9.32,0,0.0237,74.849,3,0.453,0,End Of The Road,Boyz II Men,R&B
1728,0.105,0.563,235853,0.487,0,2,0.0884,-7.775,1,0.0234,142.53,3,0.248,0,I'll Make Love To You,Boyz II Men,R&B
1729,0.468,0.578,201280,0.375,0,0,0.156,-12.951,1,0.0272,89.605,4,0.561,0,Water Runs Dry,Boyz II Men,R&B
1730,0.499,0.571,301587,0.447,0,7,0.125,-8.757,1,0.0338,75.019,4,0.162,0,A Song For Mama,Boyz II Men,R&B
1731,0.0788,0.873,301200,0.591,0.0071,7,0.104,-8.942,1,0.102,123.091,4,0.49,0,Together Again,Janet Jackson,R&B
1732,0.135,0.729,272360,0.914,0.000672,2,0.156,-4.043,1,0.041,127.907,4,0.918,0,Someone To Call My Lover,Janet Jackson,R&B
1733,0.0264,0.815,283934,0.944,0.00038,1,0.181,-6.698,1,0.0513,115.219,4,0.681,0,Escapade,Janet Jackson,R&B
1734,0.0198,0.571,199640,0.87,6.6E-06,8,0.0564,-3.877,0,0.0641,172.716,4,0.815,0,Bye Bye Bye,*NSYNC,Pop
1735,0.3,0.55,266293,0.563,0,2,0.122,-7.019,1,0.0313,166.004,4,0.462,0,This I Promise You - Radio Edit,*NSYNC,Pop
1736,0.0479,0.647,191280,0.87,0,0,0.0485,-4.702,0,0.0798,165.103,4,0.906,0,It's Gonna Be Me,*NSYNC,Pop
1737,0.44,0.468,243493,0.535,0,10,0.101,-8.264,1,0.0436,168.001,4,0.298,0,God Must Have Spent a Little More Time on You - Remix,*NSYNC,Pop
1738,0.0743,0.754,199787,0.946,0.000391,8,0.401,-2.149,0,0.0403,112.042,4,0.865,0,I Want You Back - Radio Edit,*NSYNC,Pop
1744,0.0563,0.729,274827,0.561,0,1,0.0657,-7.162,1,0.028,95.981,4,0.395,0,All I Have to Give,Backstreet Boys,Pop
1745,0.117,0.697,203600,0.856,0,10,0.287,-4.439,0,0.0752,104.202,4,0.732,0,The Call,Backstreet Boys,Pop
1746,0.24,0.683,213027,0.687,0,6,0.131,-5.833,0,0.0274,99.035,4,0.486,0,I Want It That Way,Backstreet Boys,Pop
1754,0.273,0.699,207187,0.592,0,6,0.202,-8.298,1,0.262,94.933,4,0.587,0,So Sick,Ne-Yo,R&B
1755,0.304,0.654,222000,0.564,0,6,0.107,-7.186,1,0.235,86.948,4,0.458,0,When You're Mad,Ne-Yo,R&B
1756,0.265,0.622,220853,0.503,0.000473,8,0.0596,-6.417,1,0.0433,93.984,4,0.6,0,Sexy Love,Ne-Yo,R&B
1757,0.117,0.634,331240,0.528,2.26E-06,1,0.0565,-8.834,1,0.0309,128,4,0.187,0,All My Life,K-Ci & JoJo,R&B
1758,0.0786,0.779,254067,0.711,2.4E-05,0,0.373,-4.054,1,0.144,96.472,4,0.857,0,Take Me There - Remix,Blackstreet,R&B
1767,0.0138,0.701,283093,0.457,0,8,0.054,-8.562,0,0.0311,127.925,4,0.292,0,Slow Jam,Usher,R&B
1768,0.218,0.408,230000,0.582,0,11,0.159,-8.305,1,0.0508,114.926,5,0.34,0,Ironic - 2015 Remastered,Alanis Morissette,Rock
1769,0.0227,0.816,247840,0.5,1.53E-06,1,0.0733,-4.551,1,0.03,124.037,4,0.654,0,U Got It Bad,Usher,R&B
1770,0.257,0.662,223440,0.507,0,5,0.0465,-8.238,1,0.118,86.412,4,0.652,0,My Boo,Usher,R&B
1771,0.466,0.635,244160,0.54,0,7,0.0524,-8.122,1,0.0246,99.99,4,0.586,0,Don't Love You No More (I'm Sorry),Craig David,R&B
1772,0.163,0.622,249093,0.593,0,7,0.0979,-8.352,0,0.0916,94.364,4,0.595,0,Let Me Love You,Mario,R&B
1773,0.00541,0.538,214200,0.677,0,0,0.236,-6.099,1,0.187,132.346,5,0.919,0,Just a Friend 2002 - Radio Edit,Mario,R&B
1774,0.273,0.713,271333,0.678,0,5,0.149,-3.525,0,0.102,138.009,4,0.738,0,Say My Name,Destiny's Child,R&B
1775,0.00543,0.771,230200,0.685,0.00157,1,0.0537,-4.639,1,0.0567,88.997,4,0.683,0,"Jumpin', Jumpin'",Destiny's Child,R&B
1776,0.362,0.73,221133,0.602,3.69E-06,6,0.169,-3.782,0,0.206,97.954,4,0.932,0,"Independent Women, Pt. I",Destiny's Child,R&B
1777,0.139,0.845,256027,0.576,0,11,0.0764,-5.15,0,0.153,127.641,4,0.455,0,"Bills, Bills, Bills",Destiny's Child,R&B
1778,0.102,0.721,263440,0.723,4.4E-06,2,0.0651,-7.08,0,0.0631,88.933,4,0.769,0,No More (Baby I'ma Do Right),3LW,Pop
1779,0.0382,0.518,300573,0.666,2.47E-05,0,0.289,-5.306,1,0.0313,130.048,4,0.254,0,Summer Is Over feat. Sara Bareilles,Jon McLaughlin,Pop
1780,0.201,0.415,251640,0.661,0,7,0.143,-4.629,1,0.0296,156.177,4,0.283,0,Beautiful Disaster,Jon McLaughlin,Pop
1781,0.245,0.319,252053,0.664,0,1,0.0812,-4.85,1,0.0357,112.377,5,0.441,0,Human,Jon McLaughlin,Pop
1782,0.787,0.386,226840,0.248,1.49E-06,11,0.143,-11.42,1,0.0291,106.259,3,0.153,0,So Close,Jon McLaughlin,Pop
1783,0.0193,0.439,206000,0.906,0,3,0.373,-4.8,1,0.0439,161.905,4,0.69,0,In Love With a Girl,Gavin DeGraw,Pop
1784,0.789,0.764,224987,0.348,0,9,0.0997,-7.98,1,0.0643,119.651,4,0.773,0,Simple Love Song,Anuhea,Reggae
1785,0.214,0.685,339733,0.607,0,11,0.345,-5.301,1,0.0431,125.011,4,0.463,0,Honeymoon Avenue,Ariana Grande,Pop
1786,0.413,0.454,194707,0.521,0,7,0.119,-4.143,1,0.0285,72.28,4,0.231,0,Tattooed Heart,Ariana Grande,Pop
1787,0.831,0.4,327773,0.337,0,2,0.0934,-7.404,1,0.0355,108.196,5,0.354,0,Almost Is Never Enough,Nathan Sykes,Pop
1788,0.789,0.664,145707,0.32,0,4,0.152,-7.356,1,0.0322,141.916,3,0.71,0,Perfect Harmony,Rags Cast,Pop
1803,0.19,0.776,239880,0.507,0,9,0.12,-5.752,0,0.0405,98.051,4,0.51,0,Secret Love,JoJo,R&B
1804,0.122,0.498,197847,0.586,0,6,0.106,-5.936,1,0.31,81.945,4,0.489,0,Dear No One,Tori Kelly,R&B
1805,0.466,0.657,204960,0.485,0,3,0.0889,-5.634,0,0.0672,135.805,4,0.402,0,First Heartbreak,Tori Kelly,R&B
1806,0.104,0.652,249960,0.621,5.3E-06,9,0.0382,-8.677,0,0.263,169.983,4,0.647,0,Video,India.Arie,R&B
1807,0.152,0.494,227928,0.542,0,6,0.101,-6.995,1,0.0277,81.34,4,0.246,0,"Beauty and the Beast - From ""Beauty and the Beast""",Ariana Grande,Pop
1808,0.0458,0.732,241387,0.772,0,11,0.76,-7.974,0,0.0382,130.14,4,0.763,0,I2I,Tevin Campbell,R&B
1809,0.00411,0.557,242973,0.796,0,3,0.0951,-4.147,1,0.0482,127.999,4,0.452,0,Confetti Falling,Big Time Rush,Pop
1824,0.0535,0.5,217440,0.802,0,2,0.103,-4.205,1,0.104,174.039,4,0.743,0,Pieces Of Me,Ashlee Simpson,Pop
1825,0.000668,0.493,202496,0.956,0,1,0.416,-4.221,0,0.138,160.006,4,0.467,0,She Looks So Perfect,5 Seconds of Summer,Pop
1826,0.00216,0.659,216454,0.9,0,4,0.111,-4.856,1,0.0317,118.04,4,0.882,0,She's Kinda Hot,5 Seconds of Summer,Pop
1827,0.0236,0.92,293827,0.654,0.0158,11,0.0359,-3.051,0,0.0401,117.046,4,0.856,0,Billie Jean,Michael Jackson,Pop
1828,0.0491,0.779,258040,0.867,7.98E-06,3,0.197,-3.704,0,0.0457,138.858,4,0.918,0,Beat It - Single Version,Michael Jackson,Pop
1829,0.11,0.758,198507,0.927,0.0285,9,0.374,-2.768,1,0.0509,115.076,4,0.953,0,Black or White - Single Version,Michael Jackson,Pop
1830,0.0367,0.608,297400,0.816,0.000554,1,0.116,-5.926,1,0.11,114.484,4,0.497,0,The Way You Make Me Feel,Michael Jackson,Pop
1831,0.43,0.794,319307,0.798,1.15E-05,8,0.114,-5.639,1,0.0366,100.338,4,0.268,0,Man In The Mirror,Michael Jackson,Pop
1832,0.23,0.888,238733,0.815,0.000424,11,0.127,-4.909,0,0.0404,127.273,4,0.96,0,P.Y.T. (Pretty Young Thing),Michael Jackson,Pop
1833,0.00388,0.492,186867,0.797,0,11,0.466,-4.666,1,0.0388,79.513,4,0.533,0,Ultimate,Lindsay Lohan,Pop
1834,0.107,0.632,249147,0.518,0,6,0.354,-6.126,1,0.0313,90.007,4,0.45,0,If I Were a Boy,Beyoncé,R&B
1835,0.143,0.658,252053,0.696,0,3,0.131,-4.293,1,0.0707,85.998,4,0.655,0,With You,Chris Brown,R&B
1841,0.845,0.24,224240,0.16,0,5,0.0842,-14.213,1,0.0301,92.742,4,0.199,0,"I See the Light - From ""Tangled""/Soundtrack Version",Mandy Moore,Pop
1842,0.0647,0.575,244667,0.886,0.000187,5,0.709,-5.182,1,0.034,96.308,4,0.608,0,Torn,Natalie Imbruglia,Pop
1843,0.197,0.794,281773,0.891,9.04E-05,1,0.136,-6.918,1,0.0439,104.315,4,0.813,0,Ain't Nobody,Chaka Khan,R&B
1844,0.0029,0.555,271560,0.63,0.00681,4,0.336,-13.11,1,0.0353,128.661,4,0.488,0,Dreams,The Cranberries,Rock
1845,0.307,0.556,251253,0.517,0.00115,9,0.077,-8.769,1,0.0287,169.938,4,0.779,0,I Knew I Loved You,Savage Garden,Pop
1851,0.415,0.773,256720,0.309,0.00014,7,0.111,-8.5,0,0.0339,128.105,4,0.411,0,Softest Place On Earth,Xscape,R&B
1852,0.311,0.657,260427,0.456,0,0,0.0922,-8.917,1,0.0345,115.4,4,0.181,0,The Arms of the One Who Loves You,Xscape,R&B
1853,0.00947,0.739,261933,0.947,2.99E-05,11,0.326,-1.915,0,0.0412,88.009,4,0.762,0,He Wasn't Man Enough,Toni Braxton,R&B
1854,0.259,0.534,249813,0.642,0,9,0.29,-3.971,1,0.0504,92.963,4,0.139,0,Secret Love Song,Little Mix,Pop
1856,0.965,0.71,275280,0.0565,0,7,0.0889,-15.099,1,0.0534,123.994,4,0.352,0,Lost Boy,Ruth B.,Pop
1857,0.524,0.849,203720,0.531,0,7,0.0693,-5.534,1,0.258,91.927,4,0.771,0,Yesterday,Atmosphere,Hip Hop
1975,8.67E-05,0.485,249067,0.911,0,3,0.092,-5.749,1,0.0355,89.956,4,0.55,0,If Today Was Your Last Day,Nickelback,Other
1976,0.000102,0.446,190787,0.9,1.89E-05,10,0.0404,-3.541,0,0.0489,187.961,4,0.884,0,When We Stand Together,Nickelback,Other
1989,0.000797,0.48,222053,0.826,1.01E-06,0,0.125,-4.602,1,0.0397,96,4,0.701,0,Different Colors,WALK THE MOON,Rock
1990,0.00059,0.594,218720,0.858,3.11E-06,9,0.0642,-4.339,1,0.0387,138.021,4,0.646,0,Avalanche,WALK THE MOON,Rock
1996,0.00363,0.743,259889,0.889,0.143,10,0.383,-5.567,1,0.0409,103.963,4,0.186,0,Quit You - Wuki Remix,Lost Kings,Dance
2010,0.00231,0.624,206013,0.971,0.121,6,0.255,-0.935,0,0.0643,102.003,4,0.442,0,Hey Baby - Steve Aoki Remix,Dimitri Vegas & Like Mike,Electronic
2011,0.000586,0.528,245053,0.879,0.00489,6,0.0432,-5.891,0,0.12,128.268,4,0.327,0,Brightside - Borgeous Remix,Icona Pop,Electronic
2013,0.0877,0.894,182182,0.892,0.00167,1,0.0528,-2.663,1,0.131,110.041,4,0.867,0,Candy,Dillon Francis,Trap